,City,Cloudiness,Country,Date,Humidity,Latitude,Longitude,Max Temp,Wind Speed
0,Albany,100,US,1627435753,92,42.6001,-73.9662,68.14,1.52
1,Bambous Virieux,75,MU,1627436082,94,-20.3428,57.7575,67.21,17.27
2,Nikolskoye,100,RU,1627436053,68,59.7035,30.7861,64.02,4.65
3,Chui,29,UY,1627436039,70,-33.6971,-53.4616,42.22,16.02
4,Faanui,55,PF,1627436087,75,-16.4833,-151.75,77.79,8.99
5,Ribeira Grande,52,PT,1627436151,85,38.5167,-28.7,72.03,9.28
6,Cayenne,0,GF,1627436027,82,4.9333,-52.3333,82.09,7.0
7,Kapaa,90,US,1627436032,75,22.0752,-159.319,84.18,3.0
8,Harsīn,0,IR,1627436318,23,34.2721,47.5861,70.61,4.45
9,Honiara,96,SB,1627436063,72,-9.4333,159.95,84.81,8.59
10,Ganzhou,6,CN,1627436063,60,28.8184,115.4327,90.1,3.53
11,Sakakah,0,SA,1627436319,26,29.9697,40.2064,87.37,6.31
12,Puerto Ayora,20,EC,1627436017,84,-0.7393,-90.3518,71.49,9.24
13,Yellowknife,40,CA,1627435806,44,62.456,-114.3525,61.32,13.8
14,Vaini,75,TO,1627436038,83,-21.2,-175.2,69.96,8.05
15,Klaksvík,99,FO,1627436141,96,62.2266,-6.589,50.92,4.54
16,Carnarvon,100,AU,1627436033,55,-24.8667,113.6333,66.27,8.05
17,Balikpapan,40,ID,1627436234,79,-1.2675,116.8289,83.39,3.44
18,Vestmanna,90,FO,1627436202,100,62.1564,-7.1664,49.12,4.61
19,Lengerich,20,DE,1627436321,94,52.1833,7.8667,61.66,5.75
20,Richards Bay,0,ZA,1627436321,69,-28.783,32.0377,60.55,14.58
21,Jamestown,1,US,1627435967,78,42.097,-79.2353,72.72,5.12
22,Ushuaia,90,AR,1627435743,100,-54.8,-68.3,37.06,4.61
23,Bozdar Wada,100,PK,1627436322,65,27.1828,68.636,86.7,12.03
24,Mataura,68,NZ,1627436054,74,-46.1927,168.8643,52.48,1.28
25,Arraial do Cabo,0,BR,1627436046,83,-22.9661,-42.0278,70.61,22.39
26,Auki,95,SB,1627436188,60,-8.7676,160.7034,85.95,2.95
27,Port Moresby,75,PG,1627435997,70,-9.4431,147.1797,85.42,11.5
28,Narón,40,ES,1627436044,83,43.5167,-8.1528,65.25,5.99
29,George Town,20,MY,1627435947,80,5.4112,100.3354,84.88,3.0
30,Marl,88,DE,1627436323,95,51.65,7.0833,62.91,1.99
31,Neiafu,90,TO,1627436052,83,-18.65,-173.9833,77.68,4.61
32,Cabo San Lucas,1,MX,1627435863,64,22.8909,-109.9124,92.61,8.99
33,Rikitea,100,PF,1627436007,78,-23.1203,-134.9692,74.03,15.28
34,Punta Arenas,75,CL,1627435810,81,-53.15,-70.9167,44.71,23.02
35,Broome,40,US,1627436040,97,42.2506,-75.833,68.58,1.01
36,Bac Lieu,40,VN,1627436324,68,9.285,105.7244,85.69,15.32
37,Port Alfred,16,ZA,1627436041,85,-33.5906,26.891,60.94,15.01
38,Coahuayana Viejo,100,MX,1627436217,91,18.7333,-103.6833,83.68,1.77
39,Torbay,90,CA,1627436129,96,47.6666,-52.7314,66.97,13.8
40,Cape Town,20,ZA,1627436046,91,-33.9258,18.4232,53.11,5.75
41,Busselton,65,AU,1627436007,67,-33.65,115.3333,56.05,16.64
42,Vazante,1,BR,1627436325,40,-17.9869,-46.9078,65.26,1.16
43,Chabahar,83,IR,1627436326,86,25.2919,60.643,84.88,13.2
44,Eydhafushi,99,MV,1627436326,75,5.1033,73.0708,82.42,14.29
45,Cherskiy,100,RU,1627436064,73,68.75,161.3,38.97,19.6
46,Bongor,100,TD,1627436326,93,10.2806,15.3722,71.8,4.27
47,Kinablangan,89,PH,1627436327,65,7.6947,126.5503,87.26,6.44
48,Bredasdorp,100,ZA,1627436027,67,-34.5322,20.0403,54.72,6.91
49,Tura,96,IN,1627436205,91,25.5198,90.2201,79.7,3.47
50,Souillac,75,MU,1627436049,94,-20.5167,57.5167,67.35,17.27
51,Angren,0,UZ,1627436327,34,41.0167,70.1436,77.83,1.36
52,Ilulissat,100,GL,1627436073,67,69.2167,-51.1,55.42,3.44
53,Marsá Maţrūḩ,0,EG,1627436159,78,31.3525,27.2453,79.0,5.75
54,Mar del Plata,90,AR,1627436029,67,-38.0023,-57.5575,46.13,11.99
55,Batken,4,KG,1627436328,43,39.8333,71.0,67.39,1.41
56,Hailar,76,CN,1627436285,60,49.2,119.7,73.4,10.78
57,Qaanaaq,96,GL,1627436010,92,77.484,-69.3632,42.04,6.15
58,Osoyoos,78,CA,1627436329,40,49.0331,-119.4524,96.39,1.14
59,Leningradskiy,100,RU,1627436033,98,69.3833,178.4167,33.8,10.11
60,Sol'-Iletsk,46,RU,1627436329,45,51.1631,54.9918,67.19,4.5
61,Hobart,90,AU,1627435977,66,-42.8794,147.3294,57.25,5.01
62,Saint Paul Harbor,90,US,1627435996,55,57.79,-152.4072,62.11,4.61
63,Maromitsa,13,RU,1627436330,81,59.8683,48.0123,48.18,3.91
64,Chapada dos Guimarães,12,BR,1627436330,66,-15.4606,-55.7497,60.46,9.64
65,São Paulo de Olivença,84,BR,1627436330,87,-3.3783,-68.8725,76.06,2.71
66,Saldanha,100,ZA,1627436197,67,-33.0117,17.9442,53.65,5.82
67,Nelidovo,94,RU,1627436331,94,56.2211,32.7774,58.89,3.87
68,Cidreira,4,BR,1627436014,56,-30.1811,-50.2056,47.19,18.23
69,Butaritari,100,KI,1627436078,72,3.0707,172.7902,81.64,4.54
70,Avarua,30,CK,1627436065,65,-21.2078,-159.775,77.05,5.75
71,Portoferraio,24,IT,1627436332,91,42.8115,10.3146,76.96,15.43
72,San Gabriel,1,US,1627436273,48,34.0961,-118.1058,97.34,8.05
73,La Reforma,5,MX,1627436333,71,25.0833,-108.05,93.49,6.98
74,Upernavik,97,GL,1627436051,72,72.7868,-56.1549,50.25,10.42
75,Pevek,98,RU,1627436083,89,69.7008,170.3133,37.18,8.43
76,Hilo,90,US,1627435848,83,19.7297,-155.09,80.33,8.05
77,Puerto Castilla,100,HN,1627436334,77,16.0167,-85.9667,81.91,24.61
78,Grand Gaube,100,MU,1627436155,91,-20.0064,57.6608,67.37,4.0
79,Dzerzhinskoye,91,RU,1627436334,65,56.8344,95.2283,63.66,8.3
80,Castro,100,BR,1627435937,91,-24.7911,-50.0119,47.17,6.89
81,Tiksi,21,RU,1627436123,80,71.6872,128.8694,41.54,14.18
82,Suntar,7,RU,1627436009,42,62.1444,117.6319,81.41,5.23
83,Lisala,49,CD,1627436335,82,2.15,21.5167,68.34,2.66
84,Tasiilaq,22,GL,1627436028,80,65.6145,-37.6368,39.36,7.16
85,Mayo,1,US,1627436246,81,38.8876,-76.5119,84.15,0.0
86,Ancud,70,CL,1627436097,86,-41.8697,-73.8203,42.33,3.29
87,Puerto Baquerizo Moreno,1,EC,1627436260,83,-0.9,-89.6,71.35,12.21
88,Wattegama,100,LK,1627436336,67,6.7989,81.4808,76.12,7.34
89,Provideniya,90,RU,1627436065,81,64.3833,-173.3,50.11,11.18
90,Saskylakh,20,RU,1627436056,42,71.9167,114.0833,64.78,19.73
91,Udachny,74,RU,1627436002,40,66.4167,112.4,84.2,7.78
92,Bayan,61,CN,1627436337,69,46.0833,127.4,84.78,6.17
93,Port Lincoln,22,AU,1627435806,60,-34.7333,135.8667,55.62,25.46
94,Bluff,33,NZ,1627436027,70,-46.6,168.3333,52.81,9.26
95,Bandarbeyla,46,SO,1627436273,51,9.4942,50.8122,79.29,27.54
96,Atuona,0,PF,1627436018,68,-9.8,-139.0333,78.01,17.72
97,Constitución,0,CL,1627436152,77,-35.3333,-72.4167,45.09,7.11
98,Hermanus,99,ZA,1627436036,68,-34.4187,19.2345,52.9,13.33
99,Kahului,40,US,1627436047,74,20.8947,-156.47,87.82,25.32
100,Bethel,90,US,1627436077,82,41.3712,-73.414,77.85,4.61
101,Guilin,73,CN,1627436071,62,25.2819,110.2864,86.11,3.31
102,Amahai,85,ID,1627436338,77,-3.3333,128.9167,82.58,4.25
103,Hamilton,1,US,1627435923,75,39.1834,-84.5333,79.56,0.0
104,Pisco,0,PE,1627436109,82,-13.7,-76.2167,62.65,17.27
105,Tobane,0,BW,1627436339,71,-21.95,27.9,46.38,3.13
106,Rāwah,0,IQ,1627436339,28,34.4816,41.9093,86.18,13.51
107,Cortez,1,US,1627436340,61,37.3489,-108.5859,78.93,1.25
108,Tuatapere,33,NZ,1627436041,62,-46.1333,167.6833,52.83,0.56
109,Dhārchula,91,IN,1627436340,97,29.85,80.5333,75.25,2.04
110,East London,1,ZA,1627436080,78,-33.0153,27.9116,64.8,14.7
111,Bavly,6,RU,1627436341,77,54.393,53.2602,53.58,4.56
112,Sola,37,VU,1627436104,79,-13.8833,167.55,79.43,22.7
113,Rio Pardo,3,BR,1627436341,68,-29.9897,-52.3781,40.71,7.47
114,Longyearbyen,75,SJ,1627436088,93,78.2186,15.6401,42.64,9.22
115,Belmonte,3,BR,1627436256,86,-15.8631,-38.8828,73.9,8.39
116,Ust-Tsilma,100,RU,1627436025,90,65.441,52.1498,44.13,8.68
117,Severo-Kuril'sk,100,RU,1627436097,91,50.6789,156.125,58.84,7.14
118,Menongue,1,AO,1627436342,49,-14.6585,17.691,46.0,5.23
119,Bambanglipuro,48,ID,1627436270,69,-7.95,110.2833,80.76,9.31
120,Barrow,90,US,1627436080,87,71.2906,-156.7887,42.82,19.57
121,Świnoujście,100,PL,1627436343,77,53.9105,14.2471,63.61,8.88
122,Broken Hill,0,AU,1627436299,59,-31.95,141.4333,62.31,20.71
123,Caravelas,0,BR,1627436139,84,-17.7125,-39.2481,72.18,7.63
124,Coquimbo,0,CL,1627435942,93,-29.9533,-71.3436,51.53,1.14
125,Reisterstown,0,US,1627436344,71,39.4696,-76.8294,81.23,2.95
126,Srednekolymsk,100,RU,1627436344,97,67.45,153.6833,37.49,9.33
127,New Norfolk,52,AU,1627436009,67,-42.7826,147.0587,56.91,4.0
128,Thompson,75,CA,1627436014,56,55.7435,-97.8558,69.96,4.61
129,Carmelo,91,UY,1627435932,64,-33.9892,-58.2856,48.16,11.97
130,Santa Cruz del Norte,97,CU,1627436345,78,23.1539,-81.9236,77.74,9.06
131,Omsukchan,100,RU,1627436345,67,62.5333,155.8,45.84,8.41
132,Kavieng,9,PG,1627436144,71,-2.5744,150.7967,84.51,8.23
133,Seoul,20,KR,1627436219,58,37.5683,126.9778,90.79,4.61
134,Port Blair,100,IN,1627436153,83,11.6667,92.75,82.81,19.39
135,Qui Nhon,100,VN,1627436308,61,13.7667,109.2333,87.89,16.17
136,Sapouy,100,BF,1627436346,93,11.5544,-1.7736,71.76,4.07
137,St. Pete Beach,1,US,1627436347,73,27.7253,-82.7412,86.05,4.0
138,Kudahuvadhoo,100,MV,1627436008,77,2.6708,72.8944,80.98,9.82
139,Ngunguru,74,NZ,1627436283,66,-35.6167,174.5,64.17,9.19
140,Airai,91,TL,1627436012,34,-8.9266,125.4092,74.14,4.61
141,Batagay,4,RU,1627436347,40,67.6333,134.6333,58.84,10.51
142,Cabatuan,88,PH,1627436348,69,10.8794,122.486,85.84,14.88
143,Mt. Pleasant,20,US,1627436348,90,32.7941,-79.8626,82.99,4.61
144,Rome,54,US,1627436199,96,43.2128,-75.4557,69.66,3.76
145,Saint-Louis,72,SN,1627436348,73,16.3333,-15.0,77.14,15.73
146,Tuktoyaktuk,75,CA,1627436142,66,69.4541,-133.0374,53.6,8.05
147,Namie,97,JP,1627436304,68,37.4833,141.0,89.71,11.43
148,Newport,92,GB,1627436308,90,51.5877,-2.9984,61.86,8.25
149,Maragogi,4,BR,1627436349,89,-9.0122,-35.2225,73.36,6.42
150,Swan Hill,4,AU,1627436350,47,-35.3378,143.5544,60.87,22.37
151,Lázaro Cárdenas,92,MX,1627436186,81,17.9583,-102.2,81.57,1.59
152,Dikson,100,RU,1627436031,99,73.5069,80.5464,37.53,12.95
153,Te Anau,96,NZ,1627436067,72,-45.4167,167.7167,51.82,2.98
154,Hithadhoo,72,MV,1627436116,78,-0.6,73.0833,80.46,8.86
155,Kiama,45,AU,1627436351,42,-34.6833,150.8667,74.68,5.99
156,Medicine Hat,90,CA,1627436056,29,50.0501,-110.6683,88.23,1.99
157,Ratnagiri,82,IN,1627436351,83,16.9833,73.3,80.04,15.7
158,Saint-Philippe,99,RE,1627436039,86,-21.3585,55.7679,67.59,12.75
159,Lagunas,38,PE,1627436352,84,-5.2269,-75.6753,75.56,2.39
160,Deputatsky,100,RU,1627436266,82,69.3,139.9,39.69,4.47
161,Nouadhibou,22,MR,1627436112,83,20.931,-17.0347,69.78,21.85
162,Norrköping,75,SE,1627436352,95,58.5942,16.1826,64.83,2.3
163,Petropavlovsk-Kamchatskiy,20,RU,1627436353,44,53.0452,158.6483,79.39,13.42
164,Kaeo,98,NZ,1627436216,69,-35.1,173.7833,64.33,7.09
165,Bucerías,20,MX,1627436176,74,20.75,-105.3333,87.78,5.75
166,Paphos,0,CY,1627436232,69,34.7667,32.4167,82.31,5.75
167,Mount Gambier,75,AU,1627436046,93,-37.8333,140.7667,46.31,14.97
168,Vila,3,PT,1627436148,84,42.0304,-8.1588,54.34,5.23
169,Haines Junction,43,CA,1627436147,55,60.7522,-137.5108,64.35,8.05
170,Khatanga,8,RU,1627436084,42,71.9667,102.5,83.93,18.84
171,Viedma,90,AR,1627436223,69,-40.8135,-62.9967,43.99,18.32
172,Ionia,1,US,1627436354,73,42.9873,-85.0711,77.49,5.75
173,Coolum Beach,30,AU,1627436355,63,-26.5333,153.1,74.1,10.36
174,Shenzhen,85,CN,1627436355,85,22.5455,114.0683,92.86,5.37
175,Mezen',94,RU,1627436355,90,65.8522,44.24,42.71,3.91
176,São Gabriel da Cachoeira,100,BR,1627436071,96,-0.1303,-67.0892,73.04,2.3
177,Chkalovskoye,59,RU,1627436356,37,44.8392,133.0436,95.5,2.17
178,Poum,8,NC,1627436171,59,-20.2333,164.0167,72.55,13.85
179,Lagoa,99,PT,1627436215,90,39.05,-27.9833,70.02,7.9
180,Aykhal,44,RU,1627436245,34,66.0,111.5,84.15,6.17
181,Hay River,75,CA,1627436357,55,60.8156,-115.7999,64.38,3.44
182,San Patricio,30,US,1627436128,65,28.017,-97.5169,86.72,8.57
183,Khani,98,GE,1627436146,94,41.9563,42.9566,62.17,2.26
184,Alofi,75,NU,1627436230,94,-19.0595,-169.9187,75.09,5.75
185,Jamālpur,100,BD,1627436358,81,24.9167,89.9333,82.87,16.84
186,Nisibis,0,TR,1627436358,32,37.0778,41.2178,82.54,7.67
187,Saint George,1,US,1627435924,24,37.1041,-113.5841,97.39,4.0
188,Araouane,23,ML,1627436098,40,18.9048,-3.5265,92.23,14.72
189,Port Hedland,27,AU,1627436188,73,-20.3167,118.5667,73.45,3.44
190,Katsuura,100,JP,1627436119,77,35.1333,140.3,87.91,19.69
191,Luba,75,GQ,1627436359,83,3.4568,8.5547,73.29,5.21
192,Tilichiki,85,RU,1627436359,49,60.4667,166.1,61.61,15.7
193,Pundaguitan,31,PH,1627436360,75,6.3711,126.1689,84.67,15.3
194,Saint-Joseph,64,RE,1627436360,84,-21.3667,55.6167,66.58,14.38
195,Talcahuano,0,CL,1627436360,71,-36.7167,-73.1167,46.08,10.36
196,Pacific Grove,20,US,1627436035,82,36.6177,-121.9166,86.99,3.0
197,Vanimo,20,PG,1627436221,67,-2.6741,141.3028,86.25,5.91
198,Trairi,8,BR,1627436361,85,-3.2778,-39.2689,77.41,10.29
199,Tarauacá,52,BR,1627436361,69,-8.1614,-70.7656,76.84,2.68
200,Nānākuli,1,US,1627436362,49,21.3906,-158.1547,89.55,12.66
201,Atambua,79,ID,1627436362,44,-9.1061,124.8925,84.06,2.35
202,Mattawa,99,US,1627436284,14,46.7379,-119.9028,90.21,7.56
203,Badulla,100,LK,1627436362,71,6.9895,81.0557,75.58,4.56
204,Birin,83,NP,1627436363,84,26.8865,88.0718,69.55,3.27
205,Kamwenge,88,UG,1627436363,52,0.1866,30.4539,65.26,0.81
206,Yerbogachën,4,RU,1627436183,42,61.2767,108.0108,82.08,9.75
207,Putina,9,PE,1627436364,74,-15.4667,-69.4333,41.85,6.76
208,Sobolevo,100,RU,1627436364,96,54.4299,31.8996,62.71,6.89
209,Evensk,80,RU,1627436062,46,61.95,159.2333,61.66,15.55
210,Châteaudun,90,FR,1627436365,100,48.0833,1.3333,61.0,5.75
211,Egvekinot,100,RU,1627436189,90,66.3167,-179.1667,39.94,10.98
212,Linares,0,CL,1627436365,84,-35.85,-71.6,39.04,3.8
213,Port Pirie,15,AU,1627436366,62,-33.1833,138.0167,60.89,17.34
214,Narsaq,99,GL,1627436058,73,60.9167,-46.05,46.62,3.18
215,São Filipe,11,CV,1627436090,80,14.8961,-24.4956,74.17,8.79
216,Rawson,24,AR,1627436366,68,-43.3002,-65.1023,41.76,13.15
217,Goroka,79,PG,1627436367,67,-6.0834,145.3873,73.33,0.85
218,Nanortalik,100,GL,1627436064,83,60.1432,-45.2371,44.65,5.3
219,Novyy Urgal,100,RU,1627436367,84,51.0736,132.5642,76.64,0.69
220,Marang,92,MY,1627436367,74,5.2056,103.2059,80.51,2.93
221,St. George's,20,GD,1627436218,83,12.0564,-61.7485,80.28,11.5
222,Kostanay,0,KZ,1627436368,82,53.1667,63.5833,57.49,6.71
223,Tessalit,87,ML,1627436200,44,20.1986,1.0114,85.93,11.41
224,Fortuna,20,US,1627436037,93,40.5982,-124.1573,76.19,8.05
225,Sibolga,63,ID,1627436368,77,1.7427,98.7792,81.55,0.76
226,Puerto Escondido,90,MX,1627436369,65,15.85,-97.0667,79.63,6.91
227,Bengkulu,68,ID,1627436121,67,-3.8004,102.2655,80.24,3.56
228,Okha,100,RU,1627436370,84,53.5739,142.9478,71.1,2.06
229,Plettenberg Bay,100,ZA,1627436370,82,-34.0527,23.3716,56.1,11.36
230,Nyimba,99,ZM,1627436370,70,-14.5566,30.8149,54.93,2.86
231,Dingle,65,PH,1627436056,68,10.9995,122.6711,86.5,17.69
232,Arman',100,RU,1627436371,73,59.7,150.1667,56.5,4.99
233,Surgut,75,RU,1627436371,100,61.25,73.4167,53.78,13.42
234,Briceño,100,CO,1627436372,99,7.111,-75.5515,64.74,1.88
235,Tokur,77,RU,1627436372,70,53.1333,132.9,74.79,2.42
236,Bonavista,100,CA,1627436274,98,48.6499,-53.1147,67.12,17.45
237,Vao,46,NC,1627436207,63,-22.6667,167.4833,68.09,16.08
238,Kieta,98,PG,1627436115,69,-6.2167,155.6333,84.13,3.87
239,Sinnamary,5,GF,1627436224,86,5.3833,-52.95,77.72,7.38
240,Normandin,14,CA,1627436373,76,48.8333,-72.5321,53.91,5.75
241,Novopokrovka,7,UA,1627436374,51,49.8425,36.5477,64.78,3.2
242,Faya,68,SA,1627436207,80,18.3851,42.4509,63.12,5.73
243,Nantucket,1,US,1627436151,90,41.2835,-70.0995,78.1,6.91
244,Ayagoz,0,KZ,1627436237,45,47.9714,80.4392,63.23,11.45
245,Washington,100,US,1627436101,27,47.5001,-120.5015,90.77,5.93
246,Itarema,13,BR,1627436057,83,-2.9248,-39.9167,77.94,14.92
247,Payo,49,ID,1627436375,52,-3.7508,103.6372,80.24,1.21
248,Barra do Garças,81,BR,1627436375,40,-15.89,-52.2567,73.9,1.3
249,Davidson,1,US,1627436375,73,36.1501,-86.7833,86.45,3.44
250,Lebu,0,CL,1627436037,80,-37.6167,-73.65,45.86,21.88
251,Assiut,0,EG,1627436376,40,27.181,31.1837,78.98,11.1
252,Houma,5,US,1627436312,76,29.5958,-90.7195,88.99,6.24
253,Yeppoon,84,AU,1627436182,56,-23.1333,150.7333,73.18,6.64
254,Kashgar,40,CN,1627436377,32,39.4547,75.9797,83.41,13.42
255,Greeneville,75,US,1627436377,86,36.1632,-82.831,80.35,4.61
256,Eureka,100,US,1627436377,87,40.8021,-124.1637,58.57,4.43
257,Hong Kong,99,HK,1627435923,83,22.2855,114.1577,92.97,11.99
258,Sambava,5,MG,1627436378,85,-14.2667,50.1667,65.91,10.65
259,Abatskiy,46,RU,1627436378,85,56.2875,70.4555,58.12,4.47
260,Gouyave,20,GD,1627436379,83,12.1646,-61.7296,79.57,11.5
261,Omboué,34,GA,1627436260,85,-1.5746,9.2618,72.52,4.76
262,Sítio Novo do Tocantins,82,BR,1627436379,39,-5.5183,-47.4611,80.37,1.9
263,Le Portel,35,FR,1627436379,92,50.7056,1.5757,62.29,22.32
264,Gorontalo,22,ID,1627436024,63,0.5412,123.0595,87.42,8.97
265,Mogadishu,89,SO,1627436380,82,2.0371,45.3438,76.51,20.49
266,Tauragė,61,LT,1627436380,96,55.2522,22.2897,61.23,5.28
267,Laem Sing,100,TH,1627436381,86,12.4816,102.0738,81.68,11.39
268,Zhangye,16,CN,1627436178,21,38.9342,100.4517,81.45,4.16
269,Kamina,6,CD,1627436381,48,-8.7386,24.9906,54.43,3.36
270,Luena,100,AO,1627436382,47,-11.7833,19.9167,47.12,3.58
271,Chokurdakh,70,RU,1627436165,46,70.6333,147.9167,49.71,13.6
272,San Miguel de Tucumán,75,AR,1627436293,66,-26.8241,-65.2226,46.4,4.61
273,Ekhabi,100,RU,1627436382,81,53.5102,142.9671,73.08,1.83
274,Salinópolis,91,BR,1627436383,81,-0.6136,-47.3561,78.94,10.09
275,Peleduy,0,RU,1627436383,32,59.6289,112.7406,86.52,10.51
276,Ekuvukeni,0,ZA,1627436383,36,-28.4675,30.1551,43.43,4.0
277,Sitka,75,US,1627436070,72,57.0531,-135.33,60.69,3.44
278,Tauramena,54,CO,1627436384,93,5.0183,-72.7492,71.31,4.41
279,Bétaré Oya,99,CM,1627436384,98,5.6,14.0833,64.6,2.84
280,Kalmunai,100,LK,1627436385,67,7.4167,81.8167,82.81,2.84
281,Sorso,0,IT,1627436385,64,40.8,8.5772,78.58,2.93
282,Kavaratti,100,IN,1627436117,78,10.5669,72.642,81.63,19.57
283,Camacha,75,PT,1627436177,73,33.0833,-16.3333,68.76,12.66
284,Mahébourg,75,MU,1627436032,94,-20.4081,57.7,67.24,17.27
285,Taree,54,AU,1627436069,52,-31.9,152.4667,77.58,6.91
286,Gravdal,1,NO,1627436269,81,68.1214,13.5031,57.07,7.92
287,Intipucá,100,SV,1627436386,97,13.1969,-88.0544,84.15,2.71
288,Pestravka,24,RU,1627436386,75,52.405,49.9583,61.86,6.49
289,San Cristobal,45,VE,1627436233,96,7.7669,-72.225,73.58,1.72
290,Daloa,100,CI,1627436387,94,6.8774,-6.4502,69.96,4.03
291,Pokhara,98,NP,1627436387,84,28.2333,83.9833,76.64,1.88
292,Bereda,90,ES,1627436220,98,43.2686,-7.5406,61.92,3.94
293,Hasaki,100,JP,1627436059,81,35.7333,140.8333,88.29,20.54
294,Qasigiannguit,97,GL,1627436226,79,68.8193,-51.1922,55.65,9.57
295,Arrecife,90,ES,1627436388,73,28.963,-13.5477,73.47,12.66
296,Clyde River,90,CA,1627436157,81,70.4692,-68.5914,46.63,8.05
297,Ust'-Ilimsk,0,RU,1627436389,35,58.0006,102.6619,83.88,1.54
298,Gijang,31,KR,1627436389,79,35.2442,129.2139,87.53,10.67
299,Shizunai-furukawachō,54,JP,1627436390,68,42.3339,142.3669,80.53,13.4
300,Lorengau,4,PG,1627436227,74,-2.0226,147.2712,84.11,6.15
301,Lahad Datu,100,MY,1627436390,70,5.0268,118.327,85.12,6.33
302,Naze,57,JP,1627436212,85,28.3667,129.4833,81.52,12.73
303,Ţahţā,3,EG,1627436024,30,26.7693,31.5021,80.92,10.69
304,Zambrów,97,PL,1627436391,85,52.9855,22.2432,64.2,6.62
305,Oodweyne,100,SO,1627436391,68,9.4092,45.064,68.36,18.59
306,Lata,25,PT,1627436153,98,40.1629,-8.3327,61.92,1.41
307,Banda Aceh,63,ID,1627436392,70,5.5577,95.3222,84.16,13.35
308,Lompoc,90,US,1627436016,78,34.6391,-120.4579,78.01,11.5
309,Bonthe,100,SL,1627436392,85,7.5264,-12.505,76.62,10.38
310,Fairbanks,90,US,1627436048,80,64.8378,-147.7164,66.54,8.05
311,Ouahigouya,100,BF,1627436393,65,13.5828,-2.4216,81.88,8.97
312,Cururupu,41,BR,1627436212,91,-1.8283,-44.8683,74.34,2.75
313,Simbahan,67,PH,1627436393,78,6.3032,120.5836,84.06,14.67
314,Itaituba,1,BR,1627436393,54,-4.2761,-55.9836,75.38,0.65
315,Baft,100,IR,1627436394,26,29.234,56.6057,72.05,8.5
316,Hibbing,1,US,1627436144,69,47.4272,-92.9377,74.71,0.0
317,Padang,88,ID,1627436169,78,-0.9492,100.3543,81.77,1.45
318,Vestmannaeyjar,36,IS,1627436021,85,63.4427,-20.2734,53.2,3.38
319,Luwuk,93,ID,1627436165,69,-0.9516,122.7875,84.79,6.4
320,Kānkon,100,IN,1627436395,84,15.0167,74.0167,79.39,13.94
321,Batticaloa,100,LK,1627436395,65,7.7102,81.6924,82.67,4.72
322,Guerrero Negro,0,MX,1627436094,76,27.9769,-114.0611,71.85,17.34
323,Luganville,86,VU,1627436395,80,-15.5333,167.1667,78.93,13.62
324,Erenhot,100,CN,1627436396,45,43.6475,111.9767,75.42,13.0
325,Coro,97,VE,1627436396,88,11.4045,-69.6734,78.13,12.39
326,Flinders,48,AU,1627436211,46,-34.5833,150.8552,74.48,1.99
327,Luwingu,43,ZM,1627436396,76,-10.2621,29.9271,46.42,4.45
328,Artigas,1,UY,1627436397,63,-30.4,-56.4667,38.7,7.31
329,Belle Glade,29,US,1627436097,80,26.6845,-80.6676,80.06,5.82
330,Unity,75,CA,1627436398,28,52.4501,-109.1682,79.66,12.84
331,Kalabo,7,ZM,1627436398,66,-14.97,22.6814,46.67,5.64
332,Kahama,13,TZ,1627436398,52,-3.8333,32.6,59.9,4.45
333,Pangnirtung,100,CA,1627436399,74,66.1451,-65.7125,49.37,2.06
334,Kiryat Gat,0,IL,1627436280,100,31.61,34.7642,77.92,1.16
335,Berlevåg,100,NO,1627436063,88,70.8578,29.0864,46.31,5.55
336,Neuquén,0,AR,1627436163,60,-38.9516,-68.0591,40.89,0.0
337,Sabang,85,ID,1627436288,73,5.8933,95.3214,83.25,20.71
338,Malabo,40,GQ,1627436400,94,3.75,8.7833,73.26,6.91
339,Kaitangata,92,NZ,1627436047,52,-46.2817,169.8464,53.92,1.28
340,Lavrentiya,100,RU,1627436137,99,65.5833,-171.0,44.17,10.27
341,Svetlaya,33,RU,1627436400,72,46.5389,138.3297,76.01,6.22
342,Kampot,92,KH,1627435817,74,10.6167,104.1833,82.45,11.21
343,Tuma,11,RU,1627436401,75,55.148,40.5537,60.46,2.15
344,Kachug,2,RU,1627436402,48,53.9606,105.8817,75.02,3.04
345,Lubumbashi,100,CD,1627436404,59,-11.6609,27.4794,50.34,4.27
346,Teguise,90,ES,1627436404,73,29.0605,-13.564,70.02,12.66
347,Jalu,0,LY,1627436404,42,29.0331,21.5482,79.84,5.66
348,Korla,6,CN,1627436128,15,41.7597,86.1469,91.45,11.95
349,Iqaluit,40,CA,1627436048,61,63.7506,-68.5145,49.73,10.0
350,Praia,75,CV,1627436196,78,14.9215,-23.5087,77.54,8.05
351,Harboøre,100,DK,1627436405,93,56.6175,8.1807,62.1,9.95
352,Zyryanka,100,RU,1627436206,79,65.75,150.85,45.34,15.82
353,Yar-Sale,100,RU,1627436262,65,66.8333,70.8333,50.02,11.61
354,Basoko,100,CD,1627436406,70,1.2391,23.616,74.07,3.36
355,Shingū,99,JP,1627436143,54,33.7333,135.9833,83.39,3.33
356,Dunedin,34,NZ,1627436207,55,-45.8742,170.5036,51.8,8.01
357,Hambantota,100,LK,1627436093,94,6.1241,81.1185,77.34,4.61
358,Ukiah,1,US,1627436407,21,39.1502,-123.2078,95.43,6.91
359,Ponta do Sol,4,PT,1627436011,79,32.6667,-17.1,72.23,4.88
360,Greymouth,100,NZ,1627436253,85,-42.4667,171.2,53.15,4.03
361,Shelburne,2,CA,1627436408,84,44.0787,-80.2041,67.28,5.26
362,Muroto-misakicho,95,JP,1627436408,70,33.2833,134.15,86.04,3.02
363,Saint-Augustin,100,CA,1627436155,99,51.226,-58.6502,60.4,7.67
364,Conde,20,BR,1627436409,100,-7.2597,-34.9075,72.86,4.61
365,Maposeni,5,TZ,1627436409,79,-10.5833,35.4,48.99,1.43
366,Mahon,0,ES,1627436409,83,39.8885,4.2658,73.96,3.44
367,Ati,100,TD,1627436410,87,13.2154,18.3353,74.5,7.81
368,Vila Franca do Campo,10,PT,1627436031,88,37.7167,-25.4333,68.41,7.76
369,Gizo Government Station,93,SB,1627436410,71,-8.103,156.8419,83.62,7.27
370,Wahpeton,1,US,1627436411,74,46.2652,-96.6059,86.72,0.0
371,Amparafaravola,35,MG,1627436411,94,-17.5833,48.2167,52.29,5.01
372,Kulykivka,93,UA,1627436412,93,51.3735,31.6466,64.2,5.99
373,Genhe,97,CN,1627436412,80,50.7833,121.5167,66.33,6.24
374,Karlskrona,17,SE,1627436413,91,56.1616,15.5866,61.25,6.87
375,Preobrazheniye,5,RU,1627436413,68,42.9019,133.9064,81.12,5.57
376,Tra Vinh,20,VN,1627436414,64,9.9347,106.3453,86.5,13.42
377,Howard Springs,58,AU,1627436414,78,-12.497,131.047,83.82,4.41
378,Mehrān,0,IR,1627436414,18,33.1222,46.1646,92.68,17.67
379,Wagga Wagga,90,AU,1627436415,87,-35.1167,147.3667,52.21,4.61
380,Mattru,100,SL,1627436232,96,7.6244,-11.8332,73.06,2.53
381,Geraldton,75,AU,1627436137,88,-28.7667,114.6,64.13,10.36
382,Tromsø,90,NO,1627436415,100,69.6496,18.957,49.37,13.8
383,Katobu,71,ID,1627436416,69,-4.9408,122.5276,83.8,6.46
384,Esperance,2,AU,1627436049,62,-33.8667,121.9,51.64,17.27
385,Los Llanos de Aridane,90,ES,1627436089,88,28.6585,-17.9182,69.55,14.97
386,Mundra,100,IN,1627436416,84,22.85,69.7333,82.42,30.38
387,Tabou,100,CI,1627436417,74,4.423,-7.3528,76.62,7.43
388,Izumrud,35,RU,1627436417,69,57.0788,61.3993,50.0,6.98
389,Shenjiamen,100,CN,1627436418,92,29.9576,122.298,79.14,14.07
390,Gerzat,75,FR,1627436418,82,45.8243,3.144,62.55,8.05
391,Caucayá,99,CO,1627436418,96,-0.1934,-74.7819,71.91,0.34
392,Nola,23,IT,1627436419,33,40.922,14.5329,82.08,1.9
393,Mehamn,96,NO,1627436029,86,71.0357,27.8492,46.76,3.42
394,Bilma,97,NE,1627436255,48,18.6853,12.9164,86.63,8.57
395,Natal,40,BR,1627436381,88,-5.795,-35.2094,75.42,5.75
396,Aksarka,100,RU,1627436110,95,66.5606,67.7975,45.66,12.62
397,Codrington,100,AU,1627436035,84,-38.2667,141.9667,49.05,21.23
398,Pandan,100,PH,1627436420,66,14.0453,124.1694,87.96,16.55
399,Ahipara,72,NZ,1627436421,78,-35.1667,173.1667,60.17,8.41
400,Kologriv,8,RU,1627436421,77,58.8275,44.3178,49.51,4.07
401,Lhokseumawe,88,ID,1627436422,68,5.1801,97.1507,82.53,2.91
402,Malindi,90,KE,1627436422,81,-3.2175,40.1191,74.88,18.52
403,Micoud,20,LC,1627436422,69,13.8167,-60.9,80.53,17.27
404,Meulaboh,54,ID,1627436018,83,4.1363,96.1285,79.72,2.71
405,Kruisfontein,35,ZA,1627436010,84,-34.0033,24.7314,54.88,14.23
406,Manoel Urbano,53,BR,1627436423,70,-8.8389,-69.2597,76.69,1.95
407,Guangzhou,100,CN,1627436372,49,23.1167,113.25,89.55,5.1
408,Morondava,0,MG,1627436138,60,-20.2833,44.2833,64.67,12.24
409,Kemijärvi,39,FI,1627436095,81,66.7131,27.4306,56.93,3.71
410,Tazovsky,96,RU,1627436013,81,67.4667,78.7,44.83,6.98
411,Port Elizabeth,0,ZA,1627436051,82,-33.918,25.5701,57.49,11.5
412,Pemangkat,99,ID,1627436424,74,1.1667,108.9667,83.79,8.46
413,Marsh Harbour,50,BS,1627436121,74,26.5412,-77.0636,83.68,7.16
414,Ugoofaaru,69,MV,1627436167,76,5.6667,73.0,82.45,14.94
415,Santa Isabel Rio Negro,96,BR,1627436425,93,-0.4139,-65.0192,74.17,2.84
416,Kenora,20,CA,1627436425,41,49.8167,-94.4337,77.97,3.44
417,Mīzan Teferī,100,ET,1627436426,94,6.9833,35.5833,60.42,2.19
418,Saint Anthony,20,US,1627436159,68,45.0205,-93.218,89.53,4.0
419,Saint-Pierre,75,RE,1627436231,82,-21.3393,55.4781,67.68,14.97
420,Winnemucca,1,US,1627436249,15,40.973,-117.7357,93.25,20.71
421,Miraflores,97,MX,1627436426,75,19.2167,-98.8083,66.87,2.21
422,Athabasca,0,CA,1627436427,29,54.7169,-113.2854,76.82,11.97
423,Port-de-Bouc,75,FR,1627436427,73,43.4,4.9833,73.96,4.61
424,Sur,100,OM,1627436223,39,22.5667,59.5289,97.36,24.76
425,Port Hawkesbury,1,CA,1627436208,96,45.6169,-61.3485,66.72,2.3
426,Ushirombo,96,TZ,1627436428,44,-3.4919,31.9639,65.5,4.03
427,Shakawe,2,BW,1627436428,58,-18.3667,21.85,45.37,5.3
428,Cap-aux-Meules,75,CA,1627436034,94,47.3821,-61.8597,64.45,3.44
429,Manono,6,CD,1627436236,43,-7.3,27.4167,65.82,3.11
430,Palmas Bellas,94,PA,1627436429,87,9.2319,-80.0867,80.02,4.18
431,Talnakh,94,RU,1627436205,85,69.4865,88.3972,62.55,3.67
432,Santa Cruz de la Sierra,90,BO,1627436162,29,-17.8,-63.1667,62.06,17.27
433,Itoman,75,JP,1627436104,82,26.1247,127.6694,88.18,11.5
434,Malanje,15,AO,1627436430,28,-9.5402,16.341,58.73,2.91
435,Kitangari,0,TZ,1627436431,92,-10.65,39.3333,60.69,5.28
436,Ostrovnoy,100,RU,1627436053,80,68.0531,39.5131,52.36,4.63
437,Buin,0,CL,1627436431,44,-33.7333,-70.75,53.74,4.38
438,Nioro,66,GM,1627436431,78,13.35,-15.75,78.4,7.34
439,Knysna,100,ZA,1627436116,86,-34.0363,23.0471,55.78,9.55
440,Kagoro,100,NG,1627436432,95,9.6,8.3833,64.54,1.54
441,Fort Nelson,75,CA,1627436026,59,58.8053,-122.7002,65.79,16.11
442,Port Hardy,40,CA,1627436057,68,50.6996,-127.4199,64.58,11.5
443,São Félix do Xingu,0,BR,1627436144,47,-6.6447,-51.995,72.9,1.63
444,Kwale,91,NG,1627436433,94,5.7063,6.4374,70.72,2.86
445,Kupang,20,ID,1627436433,51,-10.1667,123.5833,84.78,19.57
446,Bloomingdale,1,US,1627436192,91,27.8936,-82.2404,85.91,1.99
447,Lima,90,PE,1627435920,88,-12.0432,-77.0282,61.14,10.36
448,Santa Catalina,63,PH,1627436434,74,9.3337,122.8637,84.65,11.03
449,Ivankiv,100,UA,1627436434,93,50.9386,29.8943,70.03,5.88
450,Hofn,100,IS,1627436228,85,64.2539,-15.2082,53.62,5.88
451,Adamclisi,5,RO,1627436434,50,44.0833,27.95,74.07,6.93
452,Messina,0,IT,1627436435,65,38.1933,15.5497,82.44,5.99
453,Umarkot,100,PK,1627436435,75,25.3616,69.7362,83.17,22.5
454,Padre Bernardo,6,BR,1627436436,41,-15.35,-48.5,66.42,1.88
455,Santiago del Estero,4,AR,1627436017,38,-27.7951,-64.2615,40.8,3.44
456,Portland,20,US,1627436131,42,45.5234,-122.6762,89.64,1.01
457,Norman Wells,75,CA,1627436159,52,65.282,-126.8329,69.84,0.0
458,Bathsheba,20,BB,1627436190,78,13.2167,-59.5167,81.21,16.11
459,Sorong,100,ID,1627436266,64,-0.8833,131.25,86.22,5.66
460,Wad Medani,63,SD,1627436437,71,14.4012,33.5199,78.13,15.3
461,Port-Gentil,38,GA,1627436307,80,-0.7193,8.7815,75.29,9.35
462,Mlowo,7,TZ,1627436317,92,-9.0,32.9833,46.22,3.87
463,Xinzhou,100,CN,1627436437,64,38.4092,112.7333,79.16,4.07
464,Māngrol,100,IN,1627436438,84,21.1167,70.1167,82.06,20.92
465,Muhafazat Lahij,64,YE,1627436438,75,13.1667,44.5833,78.64,1.86
466,Kurchum,0,KZ,1627436438,48,48.5722,83.6542,65.73,6.46
467,Biak,89,ID,1627436202,71,-0.9131,122.8766,81.75,6.98
468,Santa Rita,20,BR,1627436439,100,-7.1139,-34.9781,74.07,4.61
469,Isangel,75,VU,1627436129,57,-19.55,169.2667,78.91,11.5
470,Bundaberg,98,AU,1627436299,43,-24.85,152.35,75.49,13.8
471,Shahdol,100,IN,1627436439,93,23.2833,81.35,74.16,8.41
472,Voznesen'ye,13,RU,1627436440,80,61.0106,35.4781,57.7,5.32
473,Homer,40,US,1627436203,71,59.6425,-151.5483,70.09,16.11
474,Kumul,15,CN,1627436251,14,42.8,93.45,93.56,12.35
475,Ashland,2,US,1627436440,90,40.8167,-82.2665,74.97,4.14
476,Bako,100,ET,1627436441,83,5.7833,36.5667,61.9,4.18
477,Taoudenni,66,ML,1627436021,10,22.6783,-3.9836,98.82,8.41
478,Fort Morgan,1,US,1627436441,25,40.2503,-103.8,89.82,10.36
479,Ketchikan,18,US,1627435886,71,55.3422,-131.6461,61.18,3.18
480,Kloulklubed,79,PW,1627436206,77,7.0419,134.2556,77.5,10.63
481,Tumarbong,57,PH,1627436442,61,10.3766,119.4579,87.75,9.48
482,Garden City,75,US,1627436442,66,42.3256,-83.331,80.85,0.0
483,Half Moon Bay,20,US,1627436417,71,37.4636,-122.4286,90.75,12.66
484,Nālūt,0,LY,1627436443,32,30.3333,10.85,78.51,15.32
485,São João da Barra,0,BR,1627436277,84,-21.6403,-41.0511,70.14,14.52
486,Lunel,75,FR,1627436443,94,43.6778,4.1361,73.53,6.91
487,Alugan,99,PH,1627436444,58,12.2188,125.4808,89.82,10.4
488,Charters Towers,5,AU,1627436444,44,-20.1,146.2667,77.02,8.39
489,Turukhansk,100,RU,1627436445,92,65.8167,87.9833,53.11,6.91
490,Sangar,16,RU,1627436247,41,63.9242,127.4739,70.59,2.55
491,Norfolk,75,US,1627436273,94,42.1668,-71.2495,70.93,4.61
492,Seymchan,99,RU,1627436445,55,62.8833,152.4333,54.12,13.42
493,Oyama,34,JP,1627436446,50,36.3,139.8,89.82,3.24
494,Cuamba,6,MZ,1627436446,96,-14.8031,36.5372,53.71,2.91
495,Tiznit Province,1,MA,1627436446,70,29.5833,-9.5,69.24,1.59
496,Murgab,0,TM,1627436447,37,37.4966,61.9714,71.47,9.22
497,Zhigansk,75,RU,1627436233,55,66.7697,123.3711,61.36,11.43
498,San Quintín,1,MX,1627436061,80,30.4833,-115.95,71.11,13.44
499,Rome,1,US,1627436433,85,34.257,-85.1647,81.41,4.61
500,Lipin Bor,34,RU,1627436448,68,60.2622,37.9763,54.57,6.42
501,Manzhouli,34,CN,1627436448,57,49.6,117.4333,73.33,9.06
502,Coyhaique,0,CL,1627436179,81,-45.5752,-72.0662,37.35,4.61
503,Province of Trapani,0,IT,1627436448,53,37.8333,12.6667,81.91,2.8
504,Loandjili,75,CG,1627436449,94,-4.7561,11.8578,73.51,3.44
505,Namatanai,16,PG,1627436449,65,-3.6667,152.4333,85.57,4.29
506,Maroantsetra,96,MG,1627436449,85,-15.4333,49.7333,66.52,7.34
507,Gamba,98,GA,1627436251,88,-2.65,10.0,72.01,2.8
508,Jacareacanga,2,BR,1627436450,48,-6.2222,-57.7528,75.58,0.69
509,Sistranda,68,NO,1627436450,72,63.7256,8.834,66.16,22.46
510,Beloha,0,MG,1627436214,75,-25.1667,45.05,61.97,12.03
511,Frontera,1,MX,1627436451,49,26.9333,-101.45,85.32,13.38
512,Salalah,90,OM,1627436079,94,17.0151,54.0924,78.89,9.22
513,Willmar,40,US,1627436169,74,45.1219,-95.0433,89.19,0.0
514,Mikhaylovka,4,RU,1627436451,63,50.06,43.2379,65.68,4.72
515,Lokachi,66,UA,1627436452,93,50.737,24.6494,64.74,6.26
516,Anadyr,75,RU,1627436156,93,64.75,177.4833,50.5,21.99
517,Villa Carlos Paz,94,AR,1627436452,44,-31.4241,-64.4978,45.39,1.01
518,Vilyuysk,33,RU,1627436452,38,63.7553,121.6247,73.26,7.96
519,Rogovatoye,52,RU,1627436453,60,51.23,38.3818,65.37,0.34
520,Alamor,99,EC,1627436453,90,-4.0181,-80.0197,61.56,3.51
521,Putnok,19,HU,1627436454,74,48.3,20.4333,64.8,1.28
522,Sahuaripa,93,MX,1627436454,73,29.05,-109.2333,75.78,6.76
523,Grindavik,0,IS,1627436112,93,63.8424,-22.4338,50.56,14.97
524,Yulara,90,AU,1627436087,42,-25.2406,130.9889,67.84,8.05
525,Arrondissement de Foix,92,FR,1627436454,58,42.8333,1.5833,63.73,2.08
526,Kananga,9,CD,1627436455,35,-5.8958,22.4178,61.7,3.8
527,Beringovskiy,100,RU,1627436263,87,63.05,179.3167,48.72,14.18
528,Alice Springs,0,AU,1627435871,31,-23.7,133.8833,74.75,13.8
529,Khanbari,79,NP,1627436455,76,27.3747,87.2039,78.57,0.96
530,Labuan,20,MY,1627436456,79,5.2767,115.2417,86.36,4.61
531,Chiang Khong,91,TH,1627436456,89,20.2613,100.4046,77.32,1.86
532,Raja,100,SS,1627436047,97,8.4596,25.678,68.99,4.29
533,The Valley,2,AI,1627436015,76,18.217,-63.0578,82.26,19.64
534,Yumen,0,CN,1627436457,17,40.2833,97.2,82.08,5.46
535,Nkowakowa,0,ZA,1627436457,54,-23.8878,30.2871,44.65,4.0
536,Ialibu,71,PG,1627436457,87,-6.2821,143.9935,65.03,1.97
537,Crateús,18,BR,1627436458,48,-5.1783,-40.6775,75.29,1.79
538,Muzhi,40,RU,1627436458,77,65.3667,64.6667,47.48,7.18
539,Orlik,56,RU,1627436459,75,52.5178,99.825,65.93,2.51
540,Gombe,100,NG,1627436459,91,10.2897,11.1673,70.63,4.23
541,Glenwood Springs,1,US,1627436265,30,39.5505,-107.3248,94.12,6.91
542,Jumla,100,NP,1627436318,90,29.2747,82.1838,66.29,1.07
543,Santa Vitória do Palmar,9,BR,1627436460,68,-33.5189,-53.3681,42.44,16.58
544,Kenai,1,US,1627436287,73,60.5544,-151.2583,70.03,17.27
545,Le Vauclin,20,MQ,1627436460,78,14.5452,-60.8388,80.65,5.75
546,Hella,0,NO,1627436461,88,67.2,14.4333,64.89,11.5
547,Mergen,50,CN,1627436461,78,49.1833,125.2167,75.34,9.06
548,Alta Floresta,4,BR,1627435911,42,-9.8756,-56.0861,73.53,3.47
549,Yangi Marg`ilon,2,UZ,1627436020,36,40.4272,71.7189,81.32,4.61
550,Asbestovskiy,57,RU,1627436462,69,57.7557,61.3967,49.6,7.92
551,San Jose,20,US,1627436411,40,37.3394,-121.895,93.27,5.99
552,Consett,91,GB,1627436463,92,54.854,-1.8316,57.36,4.36
553,North Bend,1,US,1627436221,73,43.4065,-124.2243,76.24,23.02
554,Chissamba,38,AO,1627436464,39,-12.1667,17.3333,51.55,1.79
555,Zhezkazgan,1,KZ,1627436464,36,47.8043,67.7144,66.7,12.08
556,Kysyl-Syr,11,RU,1627436464,40,63.8986,122.7617,72.12,7.78
557,Örnsköldsvik,8,SE,1627436319,72,63.2909,18.7153,61.75,4.61
558,Tamworth,97,GB,1627436465,91,52.634,-1.6959,60.62,3.0
559,Sisimiut,78,GL,1627436465,69,66.9395,-53.6735,50.97,4.09
560,Kulykiv,62,UA,1627436466,90,50.3142,24.8176,64.67,5.68
561,Latung,58,PH,1627436051,79,5.5,120.8833,84.25,15.82
562,Vlorë,0,AL,1627436466,47,40.4667,19.4897,79.11,1.92
563,Martapura,0,ID,1627436466,78,-3.4167,114.85,82.49,4.61
564,Christchurch,3,NZ,1627436239,52,-43.5333,172.6333,61.48,1.01
565,Jishou,4,CN,1627436467,63,28.3167,109.7167,88.09,1.97
566,Chapais,77,CA,1627436062,62,49.7834,-74.8492,53.38,3.56
567,Greenville,1,US,1627436467,85,35.6127,-77.3663,83.1,0.0
568,Nemuro,28,JP,1627436241,89,43.3236,145.575,84.63,10.04
569,Guane,26,CU,1627436468,84,22.2025,-84.0875,78.55,3.62
570,Raudeberg,100,NO,1627436179,92,61.9875,5.1352,61.2,6.42
571,Malakal,100,SS,1627436469,97,9.5334,31.6605,69.93,3.38
